start,low,high,open,close,volume,fibonacciretracement_signal,FlowMinMax,ew_0,ew_1,ew_2,ew_3,ew_4,ew_5,ew_a,ew_b,ew_c,signal
2025-06-12 00:15:00,3.3719,3.4,3.3884,3.3736,168475.9,0,0,,,,,,,,,,0
2025-06-12 00:30:00,3.3591,3.38,3.3737,3.3798,93708.7,0,0,,,,,,,,,,0
2025-06-12 00:45:00,3.3787,3.3904,3.3797,3.3852,94153.3,0,1,,,,,,,,,,0
2025-06-12 01:00:00,3.3667,3.3852,3.3849,3.3724,94276.7,0,0,,,,,,,,,,0
2025-06-12 01:15:00,3.3616,3.3812,3.3715,3.3633,43361.7,0,-1,,,,,,,,,,0
2025-06-12 01:30:00,3.3506,3.3684,3.3636,3.3676,180787.4,0,1,,,,,,,,,,0
2025-06-12 01:45:00,3.3547,3.3692,3.3684,3.3666,96976.6,0,0,,,,,,,,,,0
2025-06-12 02:00:00,3.3633,3.3794,3.3663,3.3645,61714.3,0,0,,,,,,,,,,0
2025-06-12 02:15:00,3.3491,3.3662,3.3646,3.3558,80834.1,0,0,,,,,,,,,,0
2025-06-12 02:30:00,3.3474,3.358,3.3555,3.3507,57415.1,0,0,,,,,,,,,,0
2025-06-12 02:45:00,3.3483,3.3584,3.3514,3.3486,46472.0,0,-1,,,,,,,,,,0
2025-06-12 03:00:00,3.3451,3.356,3.3498,3.3495,27725.4,0,1,,,,,,,,,,0
2025-06-12 03:15:00,3.3223,3.3513,3.3498,3.3289,196269.2,0,-1,,,,,,,,,,0
2025-06-12 03:30:00,3.3243,3.3443,3.3291,3.3443,97303.8,0,1,,,,,,,,,,0
2025-06-12 03:45:00,3.3335,3.3492,3.3444,3.3366,367811.1,0,0,,,,,,,,,,0
2025-06-12 04:00:00,3.3271,3.3405,3.336,3.328,169390.1,0,-1,,,,,,,,,,0
2025-06-12 04:15:00,3.3236,3.3381,3.3284,3.3316,423565.2,0,1,,,,,,,,,,0
2025-06-12 04:30:00,3.3141,3.3354,3.3315,3.3206,189731.7,0,-1,,,,,,,,,,0
2025-06-12 04:45:00,3.3195,3.3304,3.3204,3.3298,99972.9,0,1,,,,,,,,,,0
2025-06-12 05:00:00,3.3118,3.3299,3.3299,3.3222,134610.8,0,-1,,,,,,,,,,0
2025-06-12 05:15:00,3.3219,3.3424,3.3225,3.3406,83566.9,0,1,,,,,,,,,,0
2025-06-12 05:30:00,3.332,3.3462,3.341,3.3327,98811.5,0,-1,,,,,,,,,,0
2025-06-12 05:45:00,3.3325,3.3473,3.3329,3.3411,38624.1,0,1,,,,,,,,,,0
2025-06-12 06:00:00,3.333,3.3426,3.3408,3.3341,36302.0,0,-1,,,,,,,,,,0
2025-06-12 06:15:00,3.3246,3.3371,3.3339,3.3352,51494.4,0,0,,,,,,,,,,0
2025-06-12 06:30:00,3.3354,3.356,3.3354,3.3516,53840.1,0,1,,,,,,,,,,0
2025-06-12 06:45:00,3.3441,3.3513,3.3512,3.3462,76855.4,0,-1,,,,,,,,,,0
2025-06-12 07:00:00,3.3462,3.3552,3.3465,3.3506,58226.0,0,1,,,,,,,,,,0
2025-06-12 07:15:00,3.3404,3.3559,3.3504,3.3408,48553.6,0,0,,,,,,,,,,0
2025-06-12 07:30:00,3.3255,3.3497,3.3407,3.3352,98128.7,0,0,,,,,,,,,,0
2025-06-12 07:45:00,3.3282,3.3444,3.3357,3.3328,188248.1,0,0,,,,,,,,,,0
2025-06-12 08:00:00,3.3036,3.3364,3.3327,3.3231,235191.6,0,0,,,,,,,,,,0
2025-06-12 08:15:00,3.3113,3.3258,3.3228,3.3205,116255.2,0,-1,,,,,,,,,,0
2025-06-12 08:30:00,3.3135,3.324,3.3195,3.323,40278.4,0,0,,,,,,,,,,0
2025-06-12 08:45:00,3.3162,3.3313,3.3222,3.3238,36254.9,0,1,,,,,,,,,,0
2025-06-12 09:00:00,3.313,3.3298,3.3238,3.3133,54766.4,0,-1,,,,,,,,,,0
2025-06-12 09:15:00,3.3133,3.3213,3.3138,3.3192,15292.4,0,0,,,,,,,,,,0
2025-06-12 09:30:00,3.3182,3.3266,3.3195,3.3201,19196.8,0,1,,,,,,,,,,0
2025-06-12 09:45:00,3.3119,3.321,3.3203,3.3128,29077.0,0,0,,,,,,,,,,0
2025-06-12 10:00:00,3.2943,3.3159,3.3125,3.2979,181102.7,0,0,,,,,,,,,,0
2025-06-12 10:15:00,3.2794,3.3018,3.2986,3.2923,531464.8,0,0,,,,,,,,,,0
2025-06-12 10:30:00,3.2822,3.2957,3.2922,3.2844,154125.7,0,-1,,,,,,,,,,0
2025-06-12 10:45:00,3.2821,3.2976,3.2857,3.294,117374.3,0,1,,,,,,,,,,0
2025-06-12 11:00:00,3.284,3.2975,3.2937,3.29,101216.2,0,0,,,,,,,,,,0
2025-06-12 11:15:00,3.2533,3.2898,3.2898,3.2553,201798.4,0,-1,,,,,,,,,,0
2025-06-12 11:30:00,3.2538,3.2698,3.2568,3.2678,133818.1,0,1,,,,,,,,,,0
2025-06-12 11:45:00,3.2617,3.2736,3.2677,3.2629,70116.3,0,0,,,,,,,,,,0
2025-06-12 12:00:00,3.25,3.2725,3.263,3.2544,202285.6,0,-1,,,,,,,,,,0
2025-06-12 12:15:00,3.2495,3.27,3.2543,3.2688,244712.1,0,0,,,,,,,,,,0
2025-06-12 12:30:00,3.2634,3.2946,3.2687,3.2922,531578.1,0,1,,,,,,,,,,0
2025-06-12 12:45:00,3.2722,3.2926,3.2926,3.2784,103489.7,0,-1,,,,,,,,,,0
2025-06-12 13:00:00,3.2768,3.2926,3.2782,3.291,77582.3,0,1,,,,,,,,,,0
2025-06-12 13:15:00,3.2746,3.2964,3.291,3.2827,141056.8,0,-1,,,,,,,,,,0
2025-06-12 13:30:00,3.2703,3.3083,3.2828,3.3057,485903.9,0,0,,,,,,,,,,0
2025-06-12 13:45:00,3.2948,3.3144,3.3062,3.3112,197346.5,0,0,,,,,,,,,,0
2025-06-12 14:00:00,3.3088,3.327,3.3118,3.3254,195867.2,0,0,,,,,,,,,,0
2025-06-12 14:15:00,3.3191,3.3337,3.3255,3.3288,278688.6,0,0,,,,,,,,,,0
2025-06-12 14:30:00,3.3276,3.35,3.3292,3.343,147292.3,0,0,,,,,,,,,,0
2025-06-12 14:45:00,3.3408,3.3614,3.3431,3.3473,169837.0,0,0,,,,,,,,,,0
2025-06-12 15:00:00,3.3474,3.3612,3.3474,3.3492,175268.8,0,1,,,,,,,,,,0
2025-06-12 15:15:00,3.3156,3.3567,3.3489,3.3264,267216.8,0,-1,,,,,,,,,,0
2025-06-12 15:30:00,3.3246,3.338,3.326,3.3278,74243.9,0,1,,,,,,,,,,0
2025-06-12 15:45:00,3.2805,3.3277,3.3276,3.2885,197473.9,0,-1,,,,,,,,,,0
2025-06-12 16:00:00,3.2837,3.3168,3.2885,3.3104,142997.3,0,0,,,,,,,,,,0
2025-06-12 16:15:00,3.3103,3.342,3.3116,3.3378,96968.6,0,0,,,,,,,,,,0
2025-06-12 16:30:00,3.3253,3.3427,3.338,3.3412,59399.9,0,1,,,,,,,,,,0
2025-06-12 16:45:00,3.3258,3.3461,3.342,3.3306,42971.3,0,-1,,,,,,,,,,0
2025-06-12 17:00:00,3.329,3.3517,3.3307,3.3411,90154.1,0,0,,,,,,,,,,0
2025-06-12 17:15:00,3.3411,3.354,3.3411,3.3518,81284.2,0,0,,,,,,,,,,0
2025-06-12 17:30:00,3.3494,3.3695,3.3525,3.365,143759.8,0,1,,,,,,,,,,0
2025-06-12 17:45:00,3.3544,3.3728,3.3663,3.3582,61943.6,0,0,,,,,,,,,,0
2025-06-12 18:00:00,3.3392,3.3619,3.3582,3.3411,60715.8,0,0,,,,,,,,,,0
2025-06-12 18:15:00,3.3288,3.3441,3.3418,3.3337,32177.1,0,0,,,,,,,,,,0
2025-06-12 18:30:00,3.3275,3.3504,3.3341,3.3308,70711.0,0,0,,,,,,,,,,0
2025-06-12 18:45:00,3.3156,3.3355,3.3297,3.3304,427090.3,0,0,,,,,,,,,,0
2025-06-12 19:00:00,3.3232,3.3392,3.3303,3.3302,435682.8,0,0,,,,,,,,,,0
2025-06-12 19:15:00,3.3252,3.3392,3.3304,3.3293,79260.1,0,0,,,,,,,,,,0
2025-06-12 19:30:00,3.306,3.3295,3.3292,3.3066,132225.4,0,0,,,,,,,,,,0
2025-06-12 19:45:00,3.241,3.3068,3.3068,3.2586,672441.0,0,0,,,,,,,,,,0
2025-06-12 20:00:00,3.2488,3.2742,3.2584,3.2534,264670.2,0,-1,,,,,,,,,,0
2025-06-12 20:15:00,3.2486,3.275,3.2533,3.2703,64546.3,0,1,,,,,,,,,,0
2025-06-12 20:30:00,3.2157,3.2723,3.27,3.2227,792821.9,-1,0,,,,,,,,,,-1
2025-06-12 20:45:00,3.1854,3.2266,3.2222,3.2103,915570.6,0,-1,,,,,,,,,,0
2025-06-12 21:00:00,3.2025,3.228,3.2092,3.2173,213027.9,0,0,,,,,,,,,,0
2025-06-12 21:15:00,3.2171,3.2491,3.2173,3.248,132545.0,0,1,,,,,,,,,,0
2025-06-12 21:30:00,3.2162,3.2492,3.2472,3.2232,175590.1,-1,0,,,,,,,,,,-1
2025-06-12 21:45:00,3.2082,3.2324,3.2239,3.2082,50092.8,0,-1,,,,,,,,,,0
2025-06-12 22:00:00,3.2082,3.2304,3.2082,3.2283,46750.4,0,1,,,,,,,,,,0
2025-06-12 22:15:00,3.2103,3.23,3.2279,3.2138,92672.7,0,0,,,,,,,,,,0
2025-06-12 22:30:00,3.1908,3.2206,3.2139,3.1993,415242.3,0,-1,,,,,,,,,,0
2025-06-12 22:45:00,3.1993,3.2138,3.1996,3.2091,195479.4,0,1,,,,,,,,,,0
2025-06-12 23:00:00,3.1944,3.2166,3.209,3.1951,192762.8,0,-1,,,,,,,,,,0
2025-06-12 23:15:00,3.1956,3.2223,3.1956,3.2223,59171.9,0,0,,,,,,,,,,0
2025-06-12 23:30:00,3.2132,3.2319,3.2214,3.2292,35111.1,0,1,,,,,,,,,,0
2025-06-12 23:45:00,3.209,3.2324,3.229,3.209,44685.5,0,0,,,,,,,,,,0
2025-06-13 00:00:00,3.0202,3.2118,3.2094,3.0421,3121119.1,-1,0,,,,,,,,,,-1
2025-06-13 00:15:00,3.0243,3.0661,3.0408,3.0339,1432251.8,0,0,,,,,,,,,,0
2025-06-13 00:30:00,2.958,3.0494,3.0345,3.0164,1905418.3,0,0,,,,,,,,,,0
2025-06-13 00:45:00,2.9766,3.0317,3.0164,2.9951,752148.6,0,0,,,,,,,,,,0
2025-06-13 01:00:00,2.921,2.995,2.995,2.9354,1279005.7,-1,-1,,,,,,,,,,-1
2025-06-13 01:15:00,2.9324,2.9795,2.9354,2.9579,586400.0,0,0,,,,,,,,,,0
2025-06-13 01:30:00,2.92,2.9697,2.958,2.9697,506685.2,0,0,,,,,,,,,,0
2025-06-13 01:45:00,2.9538,2.9874,2.968,2.9794,386749.4,0,1,,,,,,,,,,0
2025-06-13 02:00:00,2.9427,2.9886,2.9784,2.9427,573140.3,-1,-1,,,,,,,,,,-1
2025-06-13 02:15:00,2.9368,2.9693,2.9424,2.9598,465700.1,0,1,,,,,,,,,,0
2025-06-13 02:30:00,2.9357,2.976,2.9596,2.9364,503411.1,0,-1,,,,,,,,,,0
2025-06-13 02:45:00,2.9336,2.967,2.9361,2.964,368903.6,0,0,,,,,,,,,,0
2025-06-13 03:00:00,2.956,3.0075,2.9626,2.9948,593220.3,1,0,,,,,,,,,,1
2025-06-13 03:15:00,2.993,3.0382,2.9949,3.0251,551646.9,0,0,,,,,,,,,,0
2025-06-13 03:30:00,3.0223,3.046,3.0253,3.0324,194128.6,0,1,,,,,,,,,,0
2025-06-13 03:45:00,3.0188,3.0496,3.033,3.0316,154207.4,0,0,,,,,,,,,,0
2025-06-13 04:00:00,3.0078,3.0343,3.0319,3.0087,252959.3,0,-1,,,,,,,,,,0
2025-06-13 04:15:00,3.0018,3.0215,3.0093,3.0202,374100.2,0,0,,,,,,,,,,0
2025-06-13 04:30:00,3.0188,3.0403,3.0201,3.0399,155820.0,0,0,,,,,,,,,,0
2025-06-13 04:45:00,3.0286,3.0459,3.0392,3.0405,88316.6,0,1,,,,,,,,,,0
2025-06-13 05:00:00,3.0001,3.0425,3.0405,3.0066,379767.3,0,0,,,,,,,,,,0
2025-06-13 05:15:00,2.9885,3.0109,3.0066,2.9993,359030.0,0,0,,,,,,,,,,0
2025-06-13 05:30:00,2.9886,3.0018,2.9982,2.9968,223708.8,0,-1,,,,,,,,,,0
2025-06-13 05:45:00,2.9936,3.0136,2.9966,2.9975,123163.5,0,1,,,,,,,,,,0
2025-06-13 06:00:00,2.9946,3.0046,2.9979,2.996,139274.8,0,0,,,,,,,,,,0
2025-06-13 06:15:00,2.9551,2.9994,2.9951,2.9646,893777.6,-1,-1,,,,,,,,,,-1
2025-06-13 06:30:00,2.9648,2.9884,2.9648,2.985,195166.9,0,0,,,,,,,,,,0
2025-06-13 06:45:00,2.9736,3.019,2.9853,3.019,222647.5,0,1,,,,,,,,,,0
2025-06-13 07:00:00,2.9917,3.019,3.0185,2.9978,255709.6,0,-1,,,,,,,,,,0
2025-06-13 07:15:00,2.9954,3.0217,2.9976,3.0197,374348.3,0,0,,,,,,,,,,0
2025-06-13 07:30:00,3.0165,3.0286,3.0194,3.0238,182488.4,0,0,,,,,,,,,,0
2025-06-13 07:45:00,3.0188,3.0347,3.0236,3.0286,65898.3,0,0,,,,,,,,,,0
2025-06-13 08:00:00,3.0232,3.0683,3.028,3.0632,188630.7,1,1,,,,,,,,,,1
2025-06-13 08:15:00,3.046,3.064,3.064,3.056,231448.7,0,0,,,,,,,,,,0
2025-06-13 08:30:00,3.0321,3.063,3.0559,3.0344,65160.3,0,0,,,,,,,,,,0
2025-06-13 08:45:00,3.0224,3.0361,3.0342,3.0259,133447.0,0,0,,,,,,,,,,0
2025-06-13 09:00:00,3.0102,3.0286,3.026,3.0188,251425.9,0,-1,,,,,,,,,,0
2025-06-13 09:15:00,3.0035,3.0232,3.0186,3.0192,149060.2,0,1,,,,,,,,,,0
2025-06-13 09:30:00,3.0065,3.0226,3.0192,3.0108,63174.9,0,-1,,,,,,,,,,0
2025-06-13 09:45:00,3.0056,3.0259,3.011,3.0168,108455.0,0,1,,,,,,,,,,0
2025-06-13 10:00:00,2.993,3.0198,3.017,3.0113,155905.9,0,0,,,,,,,,,,0
2025-06-13 10:15:00,3.0035,3.0146,3.0113,3.0046,103613.0,0,-1,,,,,,,,,,0
2025-06-13 10:30:00,2.9946,3.0184,3.0045,3.0134,239621.7,0,0,,,,,,,,,,0
2025-06-13 10:45:00,2.9984,3.0255,3.0131,3.023,139624.3,0,0,,,,,,,,,,0
2025-06-13 11:00:00,3.0144,3.0376,3.0236,3.023,105728.6,0,0,,,,,,,,,,0
2025-06-13 11:15:00,2.9971,3.028,3.0226,3.0016,84001.9,0,-1,,,,,,,,,,0
2025-06-13 11:30:00,2.9976,3.0142,2.9999,3.014,92140.3,0,0,,,,,,,,,,0
2025-06-13 11:45:00,3.0118,3.0274,3.0142,3.0243,154593.2,0,0,,,,,,,,,,0
2025-06-13 12:00:00,3.0076,3.041,3.0242,3.0359,483445.5,0,1,,,,,,,,,,0
2025-06-13 12:15:00,3.0218,3.0446,3.0364,3.0258,185317.3,0,0,,,,,,,,,,0
2025-06-13 12:30:00,3.007,3.0384,3.026,3.0074,98758.0,0,0,,,,,,,,,,0
2025-06-13 12:45:00,2.9996,3.0142,3.0076,3.0029,193077.5,0,0,,,,,,,,,,0
2025-06-13 13:00:00,2.9903,3.0036,3.003,2.9961,105960.4,0,0,,,,,,,,,,0
2025-06-13 13:15:00,2.988,3.0033,2.9956,2.9961,323093.1,0,0,,,,,,,,,,0
2025-06-13 13:30:00,2.9925,3.0301,2.9953,3.025,173330.0,0,1,,,,,,,,,,0
2025-06-13 13:45:00,3.0028,3.0281,3.0252,3.0068,578071.6,0,0,,,,,,,,,,0
2025-06-13 14:00:00,2.9912,3.0222,3.0069,2.9974,277354.9,0,0,,,,,,,,,,0
2025-06-13 14:15:00,2.9729,2.998,2.9977,2.979,375171.3,0,-1,,,,,,,,,,0
2025-06-13 14:30:00,2.9736,3.0093,2.9775,2.9994,158535.5,0,0,,,,,,,,,,0
2025-06-13 14:45:00,2.9868,3.018,3.0,3.0144,155530.3,0,0,,,,,,,,,,0
2025-06-13 15:00:00,3.002,3.0418,3.0151,3.0397,331489.1,0,0,,,,,,,,,,0
2025-06-13 15:15:00,3.0286,3.0584,3.0399,3.0495,500050.5,0,0,,,,,,,,,,0
2025-06-13 15:30:00,3.0399,3.056,3.0476,3.0523,216701.0,0,1,,,,,,,,,,0
2025-06-13 15:45:00,3.0296,3.0555,3.0525,3.0375,171910.7,0,-1,,,,,,,,,,0
2025-06-13 16:00:00,3.0288,3.072,3.0375,3.0707,294503.3,1,1,,,,,,,,,,1
2025-06-13 16:15:00,3.0593,3.0808,3.0708,3.0664,376218.9,0,0,,,,,,,,,,0
2025-06-13 16:30:00,3.0332,3.067,3.0664,3.0421,172394.4,0,-1,,,,,,,,,,0
2025-06-13 16:45:00,3.0231,3.0549,3.0414,3.0543,110884.7,0,1,,,,,,,,,,0
2025-06-13 17:00:00,3.0256,3.0539,3.0537,3.0295,204142.4,-1,0,,,,,,,,,,-1
2025-06-13 17:15:00,3.011,3.0337,3.0295,3.0111,162827.3,0,-1,,,,,,,,,,0
2025-06-13 17:30:00,3.0099,3.0303,3.0108,3.0196,106229.2,0,0,,,,,,,,,,0
2025-06-13 17:45:00,3.0004,3.0496,3.0195,3.0406,459283.0,0,1,,,,,,,,,,0
2025-06-13 18:00:00,3.0222,3.0529,3.0409,3.0223,372047.5,0,0,,,,,,,,,,0
2025-06-13 18:15:00,3.0118,3.03,3.022,3.0153,291591.4,0,0,,,,,,,,,,0
2025-06-13 18:30:00,2.992,3.0159,3.0148,3.0012,287434.2,0,-1,,,,,,,,,,0
2025-06-13 18:45:00,3.0,3.0233,3.0015,3.0174,193094.9,0,0,,,,,,,,,,0
2025-06-13 19:00:00,3.0039,3.0231,3.0159,3.0195,187859.8,0,1,,,,,,,,,,0
2025-06-13 19:15:00,3.006,3.0354,3.0204,3.0192,209862.8,0,0,,,,,,,,,,0
2025-06-13 19:30:00,3.0088,3.0279,3.0195,3.015,78629.0,0,-1,,,,,,,,,,0
2025-06-13 19:45:00,3.0068,3.0228,3.0159,3.0174,326021.2,0,0,,,,,,,,,,0
2025-06-13 20:00:00,3.0076,3.0327,3.0179,3.0306,161040.9,0,0,,,,,,,,,,0
2025-06-13 20:15:00,3.0166,3.0366,3.031,3.0327,68310.6,0,0,,,,,,,,,,0
2025-06-13 20:30:00,3.0269,3.0563,3.0325,3.0547,238198.6,1,1,,,,,,,,,,1
2025-06-13 20:45:00,3.0357,3.055,3.0548,3.0465,103286.1,0,0,,,,,,,,,,0
2025-06-13 21:00:00,3.041,3.0555,3.0468,3.0421,270393.0,0,-1,,,,,,,,,,0
2025-06-13 21:15:00,3.0351,3.0561,3.042,3.0561,215190.3,0,1,,,,,,,,,,0
2025-06-13 21:30:00,3.0478,3.0632,3.0564,3.056,140615.8,0,-1,,,,,,,,,,0
2025-06-13 21:45:00,3.0553,3.0717,3.0561,3.0624,87470.0,0,0,,,,,,,,,,0
2025-06-13 22:00:00,3.0582,3.0824,3.0627,3.0648,178392.3,0,1,,,,,,,,,,0
2025-06-13 22:15:00,3.0504,3.0692,3.0647,3.0548,78718.5,0,0,,,,,,,,,,0
2025-06-13 22:30:00,3.0443,3.0594,3.054,3.0471,62416.1,0,-1,,,,,,,,,,0
2025-06-13 22:45:00,3.0451,3.0617,3.0474,3.0548,38724.6,0,0,,,,,,,,,,0
2025-06-13 23:00:00,3.055,3.0705,3.055,3.0571,84049.0,0,0,,,,,,,,,,0
2025-06-13 23:15:00,3.057,3.0662,3.057,3.0626,75851.1,0,0,,,,,,,,,,0
2025-06-13 23:30:00,3.0591,3.0684,3.0623,3.0684,55242.2,0,0,,,,,,,,,,0
2025-06-13 23:45:00,3.064,3.0832,3.0687,3.0773,209317.8,0,1,,,,,,,,,,0
2025-06-14 00:00:00,3.0553,3.0783,3.0772,3.0566,179354.6,0,0,,,,,,,,,,0
2025-06-14 00:15:00,3.0491,3.0708,3.0566,3.054,409174.5,0,-1,,,,,,,,,,0
2025-06-14 00:30:00,3.048,3.0672,3.0543,3.0612,113667.2,0,1,,,,,,,,,,0
2025-06-14 00:45:00,3.0475,3.0711,3.0615,3.0532,75775.4,0,0,,,,,,,,,,0
2025-06-14 01:00:00,3.0272,3.0535,3.0532,3.0331,361152.8,0,-1,,,,,,,,,,0
2025-06-14 01:15:00,3.0308,3.0443,3.0331,3.0387,80050.3,0,1,,,,,,,,,,0
2025-06-14 01:30:00,3.0316,3.0446,3.0385,3.0383,62089.4,0,0,,,,,,,,,,0
2025-06-14 01:45:00,3.0256,3.0423,3.0381,3.0315,46962.1,0,-1,,,,,,,,,,0
2025-06-14 02:00:00,3.0277,3.0362,3.0321,3.0334,35279.8,0,1,,,,,,,,,,0
2025-06-14 02:15:00,3.0274,3.0426,3.0336,3.0296,76523.6,0,0,,,,,,,,,,0
2025-06-14 02:30:00,3.0204,3.0319,3.0288,3.024,116329.9,0,-1,3.024,,,,,,,,,0
2025-06-14 02:45:00,3.0237,3.0337,3.0238,3.032,12234.7,0,0,,,,,,,,,,0
2025-06-14 03:00:00,3.0291,3.0387,3.0321,3.033,61718.6,0,0,,,,,,,,,,0
2025-06-14 03:15:00,3.0255,3.0402,3.0336,3.0393,49862.6,0,1,,3.0393,,,,,,,,0
2025-06-14 03:30:00,3.0354,3.046,3.0387,3.0368,145802.2,0,0,,,,,,,,,,0
2025-06-14 03:45:00,3.0272,3.0392,3.0374,3.0321,77474.3,0,-1,,,3.0321,,,,,,,0
2025-06-14 04:00:00,3.0272,3.042,3.0321,3.0363,34647.4,0,0,,,,,,,,,,0
2025-06-14 04:15:00,3.0334,3.0495,3.0366,3.0495,71138.6,0,0,,,,,,,,,,0
2025-06-14 04:30:00,3.0471,3.0552,3.0472,3.0519,34079.2,0,1,,,,3.0519,,,,,,0
2025-06-14 04:45:00,3.0435,3.0544,3.0522,3.0507,45189.3,0,0,,,,,,,,,,0
2025-06-14 05:00:00,3.0414,3.0527,3.051,3.0414,28382.5,0,-1,,,,,3.0414,,,,,0
2025-06-14 05:15:00,3.0405,3.052,3.0413,3.0487,28223.3,0,0,,,,,,,,,,0
2025-06-14 05:30:00,3.0426,3.054,3.0483,3.054,31822.3,1,1,,,,,,3.054,,,,1
2025-06-14 05:45:00,3.0515,3.0588,3.0542,3.0532,33143.4,-1,0,,,,,,,,,,-1
2025-06-14 06:00:00,3.0463,3.0586,3.0537,3.0504,92712.8,0,0,,,,,,,,,,0
2025-06-14 06:15:00,3.0345,3.0519,3.0502,3.0364,86003.6,0,0,,,,,,,,,,0
2025-06-14 06:30:00,3.032,3.0396,3.0358,3.0361,24850.2,0,0,,,,,,,,,,0
2025-06-14 06:45:00,3.0289,3.0364,3.0359,3.0313,23842.7,0,0,,,,,,,,,,0
2025-06-14 07:00:00,3.0124,3.0315,3.0315,3.0142,112987.3,0,-1,,,,,,,3.0142,,,0
2025-06-14 07:15:00,3.0082,3.0233,3.0141,3.0231,59978.4,0,0,,,,,,,,,,0
2025-06-14 07:30:00,3.0219,3.0314,3.0225,3.0309,79885.3,0,1,,,,,,,,3.0309,,0
2025-06-14 07:45:00,3.0273,3.0336,3.0306,3.0285,23045.3,0,0,,,,,,,,,,0
2025-06-14 08:00:00,3.0071,3.0291,3.0282,3.008,58750.8,0,-1,,,,,,,,,3.008,0
2025-06-14 08:15:00,3.007,3.0225,3.0072,3.0202,254530.6,0,0,,,,,,,,,,0
2025-06-14 08:30:00,3.01,3.0259,3.0207,3.0234,57887.2,0,0,,,,,,,,,,0
2025-06-14 08:45:00,3.0214,3.028,3.0231,3.0255,15375.8,0,1,,,,,,,,,,0
2025-06-14 09:00:00,3.0196,3.0264,3.0261,3.0247,20238.8,0,0,,,,,,,,,,0
2025-06-14 09:15:00,3.0139,3.029,3.0249,3.0153,14589.9,0,-1,,,,,,,,,,0
2025-06-14 09:30:00,3.0118,3.0178,3.015,3.0165,14898.1,0,1,,,,,,,,,,0
2025-06-14 09:45:00,3.0075,3.0182,3.0165,3.0105,13098.2,0,-1,,,,,,,,,,0
2025-06-14 10:00:00,3.0077,3.0187,3.0108,3.0168,38820.3,0,0,,,,,,,,,,0
2025-06-14 10:15:00,3.0081,3.0179,3.0165,3.0179,26397.2,0,0,,,,,,,,,,0
2025-06-14 10:30:00,3.0169,3.027,3.018,3.02,18304.5,0,0,,,,,,,,,,0
2025-06-14 10:45:00,3.0175,3.0249,3.0198,3.021,59843.2,0,0,,,,,,,,,,0
2025-06-14 11:00:00,3.0197,3.0273,3.0213,3.0243,15210.1,0,0,,,,,,,,,,0
2025-06-14 11:15:00,3.0241,3.0342,3.0249,3.0282,10014.7,0,1,,,,,,,,,,0
2025-06-14 11:30:00,3.0199,3.0334,3.0282,3.0203,42571.4,0,-1,,,,,,,,,,0
2025-06-14 11:45:00,3.0191,3.0288,3.0206,3.0288,24811.7,0,1,,,,,,,,,,0
2025-06-14 12:00:00,3.02,3.0327,3.0283,3.0207,21618.5,0,0,,,,,,,,,,0
2025-06-14 12:15:00,2.9979,3.0242,3.0205,3.0009,269784.6,0,0,,,,,,,,,,0
2025-06-14 12:30:00,2.9969,3.0099,3.0008,2.9996,97720.2,0,-1,,,,,,,,,,0
2025-06-14 12:45:00,2.9997,3.0137,2.9997,3.0114,41856.2,0,0,,,,,,,,,,0
2025-06-14 13:00:00,3.0048,3.0226,3.0117,3.0199,29189.5,0,1,,,,,,,,,,0
2025-06-14 13:15:00,3.003,3.0207,3.0192,3.0045,143817.9,0,0,,,,,,,,,,0
2025-06-14 13:30:00,2.9959,3.01,3.0043,2.9967,177990.7,0,-1,,,,,,,,,,0
2025-06-14 13:45:00,2.9799,2.9976,2.997,2.9976,309199.7,0,1,,,,,,,,,,0
2025-06-14 14:00:00,2.9812,3.0013,2.9979,2.9871,198959.4,0,-1,,,,,,,,,,0
2025-06-14 14:15:00,2.9842,2.9993,2.9873,2.9921,56345.1,0,1,,,,,,,,,,0
2025-06-14 14:30:00,2.9827,2.993,2.9916,2.9864,43168.4,0,0,,,,,,,,,,0
2025-06-14 14:45:00,2.9784,2.9881,2.9861,2.984,110712.2,0,0,,,,,,,,,,0
2025-06-14 15:00:00,2.98,2.9909,2.9846,2.9838,109768.4,0,0,,,,,,,,,,0
2025-06-14 15:15:00,2.9736,2.9902,2.9846,2.976,88043.3,0,0,,,,,,,,,,0
2025-06-14 15:30:00,2.907,2.9754,2.9754,2.9172,834826.7,-1,-1,,,,,,,,,,-1
2025-06-14 15:45:00,2.9132,2.929,2.9178,2.9264,620341.5,0,1,,,,,,,,,,0
2025-06-14 16:00:00,2.8969,2.939,2.9265,2.9101,526102.1,0,0,,,,,,,,,,0
2025-06-14 16:15:00,2.885,2.9189,2.9104,2.8927,601637.8,0,0,,,,,,,,,,0
2025-06-14 16:30:00,2.8689,2.8966,2.8928,2.8705,889579.9,0,0,,,,,,,,,,0
2025-06-14 16:45:00,2.8281,2.8707,2.8704,2.8386,2180398.0,-1,-1,,,,,,,,,,-1
2025-06-14 17:00:00,2.8331,2.8859,2.8391,2.8723,676772.3,0,0,,,,,,,,,,0
2025-06-14 17:15:00,2.8726,2.8919,2.8726,2.8857,430528.6,0,1,,,,,,,,,,0
2025-06-14 17:30:00,2.8506,2.8877,2.8858,2.8549,342786.9,0,-1,,,,,,,,,,0
2025-06-14 17:45:00,2.8531,2.8675,2.8544,2.863,134918.0,0,0,,,,,,,,,,0
2025-06-14 18:00:00,2.8634,2.8874,2.8634,2.8742,212034.8,0,1,,,,,,,,,,0
2025-06-14 18:15:00,2.8246,2.8741,2.874,2.825,506896.1,-1,0,,,,,,,,,,-1
2025-06-14 18:30:00,2.8085,2.8252,2.8248,2.8164,855088.4,0,-1,,,,,,,,,,0
2025-06-14 18:45:00,2.8057,2.8444,2.8164,2.8422,1242664.9,0,0,,,,,,,,,,0
2025-06-14 19:00:00,2.8307,2.8494,2.8424,2.8455,276015.2,0,0,,,,,,,,,,0
2025-06-14 19:15:00,2.8454,2.8815,2.8454,2.8782,856220.3,1,0,,,,,,,,,,1
2025-06-14 19:30:00,2.876,2.9061,2.8775,2.8929,363106.0,0,1,,,,,,,,,,0
2025-06-14 19:45:00,2.8727,2.8925,2.8925,2.874,181439.3,0,0,,,,,,,,,,0
2025-06-14 20:00:00,2.8531,2.8837,2.8748,2.8559,164795.7,0,-1,,,,,,,,,,0
2025-06-14 20:15:00,2.8523,2.8746,2.8559,2.8681,85758.2,0,0,,,,,,,,,,0
2025-06-14 20:30:00,2.867,2.8895,2.868,2.8852,125042.0,0,0,,,,,,,,,,0
2025-06-14 20:45:00,2.8796,2.8955,2.885,2.8878,74420.7,0,0,,,,,,,,,,0
2025-06-14 21:00:00,2.8846,2.8958,2.888,2.8957,75947.1,0,0,,,,,,,,,,0
2025-06-14 21:15:00,2.8847,2.9096,2.8958,2.9072,103164.5,0,0,,,,,,,,,,0
2025-06-14 21:30:00,2.8964,2.9173,2.9073,2.9163,151711.5,0,0,,,,,,,,,,0
2025-06-14 21:45:00,2.9157,2.93,2.9163,2.9196,180648.1,0,0,,,,,,,,,,0
2025-06-14 22:00:00,2.9181,2.935,2.9199,2.9288,102888.2,0,0,,,,,,,,,,0
2025-06-14 22:15:00,2.9262,2.9373,2.9288,2.9372,179773.7,0,1,,,,,,,,,,0
2025-06-14 22:30:00,2.9163,2.936,2.9358,2.921,134706.3,0,-1,,,,,,,,,,0
2025-06-14 22:45:00,2.9196,2.9387,2.9208,2.9343,76257.1,0,0,,,,,,,,,,0
2025-06-14 23:00:00,2.9305,2.939,2.9347,2.9345,146727.9,0,0,,,,,,,,,,0
2025-06-14 23:15:00,2.9271,2.9385,2.9339,2.9377,55565.5,0,0,,,,,,,,,,0
2025-06-14 23:30:00,2.9335,2.9538,2.9379,2.9534,131786.2,0,1,,,,,,,,,,0
2025-06-14 23:45:00,2.9434,2.9546,2.9532,2.9475,96545.5,0,-1,,,,,,,,,,0
2025-06-15 00:00:00,2.9446,2.9594,2.9478,2.9569,122560.7,0,0,,,,,,,,,,0
2025-06-15 00:15:00,2.951,2.9682,2.9568,2.959,126699.1,0,0,,,,,,,,,,0
2025-06-15 00:30:00,2.9512,2.9658,2.9576,2.9646,52103.1,0,0,,,,,,,,,,0
2025-06-15 00:45:00,2.9609,2.9721,2.9649,2.9702,54213.7,0,0,,,,,,,,,,0
2025-06-15 01:00:00,2.965,2.9797,2.97,2.9773,216423.1,1,1,,,,,,,,,,1
2025-06-15 01:15:00,2.9578,2.9771,2.9769,2.961,144058.2,0,-1,,,,,,,,,,0
2025-06-15 01:30:00,2.9577,2.9681,2.9613,2.9664,56074.5,0,1,,,,,,,,,,0
2025-06-15 01:45:00,2.9625,2.9721,2.9655,2.9637,31972.8,0,-1,,,,,,,,,,0
2025-06-15 02:00:00,2.9637,2.9848,2.964,2.9828,112263.3,1,0,,,,,,,,,,1
2025-06-15 02:15:00,2.9776,2.988,2.9829,2.9876,53118.2,0,0,,,,,,,,,,0
2025-06-15 02:30:00,2.982,2.99,2.9872,2.9882,51291.9,0,0,,,,,,,,,,0
2025-06-15 02:45:00,2.9799,2.9895,2.9886,2.9895,39334.2,0,1,,,,,,,,,,0
2025-06-15 03:00:00,2.9834,2.9926,2.9891,2.9865,374613.7,0,0,,,,,,,,,,0
2025-06-15 03:15:00,2.9802,2.9905,2.9865,2.9836,62204.7,0,-1,,,,,,,,,,0
2025-06-15 03:30:00,2.9805,2.9948,2.9829,2.9905,45908.9,0,1,,,,,,,,,,0
2025-06-15 03:45:00,2.9751,2.9903,2.9893,2.9812,64726.6,0,-1,,,,,,,,,,0
2025-06-15 04:00:00,2.979,2.9967,2.9805,2.9954,81214.6,0,0,,,,,,,,,,0
2025-06-15 04:15:00,2.9869,3.002,2.9958,3.0008,217325.0,0,0,,,,,,,,,,0
2025-06-15 04:30:00,3.0007,3.0127,3.0008,3.0114,363629.1,0,1,,,,,,,,,,0
2025-06-15 04:45:00,3.0014,3.0156,3.0108,3.0112,120366.7,0,0,,,,,,,,,,0
2025-06-15 05:00:00,2.9995,3.0135,3.0111,2.9997,77143.5,0,-1,,,,,,,,,,0
2025-06-15 05:15:00,2.9859,3.002,2.9994,3.0008,164693.6,0,0,,,,,,,,,,0
2025-06-15 05:30:00,3.0003,3.0228,3.0018,3.0222,228991.2,0,0,,,,,,,,,,0
2025-06-15 05:45:00,3.0207,3.0354,3.0217,3.0272,474045.5,0,1,,,,,,,,,,0
2025-06-15 06:00:00,3.0195,3.0371,3.0276,3.0219,832103.1,0,0,,,,,,,,,,0
2025-06-15 06:15:00,3.0084,3.0241,3.0217,3.0103,104401.9,0,-1,,,,,,,,,,0
2025-06-15 06:30:00,3.0039,3.014,3.0104,3.014,59162.0,0,1,,,,,,,,,,0
2025-06-15 06:45:00,3.006,3.014,3.013,3.006,53623.3,0,-1,,,,,,,,,,0
2025-06-15 07:00:00,2.9877,3.0095,3.0057,3.0071,203704.3,0,1,,,,,,,,,,0
2025-06-15 07:15:00,2.9892,3.0077,3.0068,2.9916,85631.7,0,-1,,,,,,,,,,0
2025-06-15 07:30:00,2.984,2.996,2.991,2.9957,83094.8,0,1,,,,,,,,,,0
2025-06-15 07:45:00,2.9943,3.0,2.9952,2.9946,175695.5,0,0,,,,,,,,,,0
2025-06-15 08:00:00,2.9783,2.9975,2.994,2.9837,115566.8,0,-1,,,,,,,,,,0
2025-06-15 08:15:00,2.9806,2.9907,2.9841,2.9855,27501.1,0,1,,,,,,,,,,0
2025-06-15 08:30:00,2.9811,2.9896,2.9853,2.9829,31225.9,0,-1,,,,,,,,,,0
2025-06-15 08:45:00,2.9758,2.9846,2.9826,2.9834,31099.9,0,1,,,,,,,,,,0
2025-06-15 09:00:00,2.962,2.9832,2.9832,2.9667,111634.4,-1,0,,,,,,,,,,-1
2025-06-15 09:15:00,2.9514,2.967,2.9669,2.9572,64654.6,0,-1,,,,,,,,,,0
2025-06-15 09:30:00,2.9538,2.9712,2.9568,2.9677,41575.9,0,1,,,,,,,,,,0
2025-06-15 09:45:00,2.9586,2.9736,2.9685,2.9631,28034.3,0,-1,,,,,,,,,,0
2025-06-15 10:00:00,2.9634,2.9898,2.9634,2.9849,76905.5,1,1,,,,,,,,,,1
2025-06-15 10:15:00,2.9676,2.9879,2.9852,2.9733,53814.6,0,-1,,,,,,,,,,0
2025-06-15 10:30:00,2.9694,2.9809,2.9735,2.9802,27259.2,0,0,,,,,,,,,,0
2025-06-15 10:45:00,2.9769,2.9893,2.9806,2.987,62970.1,0,1,,,,,,,,,,0
2025-06-15 11:00:00,2.9808,2.9897,2.9867,2.9836,45810.3,0,0,,,,,,,,,,0
2025-06-15 11:15:00,2.9646,2.9862,2.9843,2.9673,32911.9,0,0,,,,,,,,,,0
2025-06-15 11:30:00,2.9526,2.9683,2.9677,2.9606,40986.6,0,-1,,,,,,,,,,0
2025-06-15 11:45:00,2.9527,2.9706,2.9606,2.9626,127054.0,0,1,,,,,,,,,,0
2025-06-15 12:00:00,2.9523,2.9646,2.9622,2.9577,107764.9,0,0,,,,,,,,,,0
2025-06-15 12:15:00,2.9553,2.9664,2.9592,2.9577,75901.0,0,0,,,,,,,,,,0
2025-06-15 12:30:00,2.9565,2.9673,2.958,2.9604,42682.8,0,0,,,,,,,,,,0
2025-06-15 12:45:00,2.9587,2.9839,2.9602,2.9763,172911.6,1,1,,,,,,,,,,1
2025-06-15 13:00:00,2.964,2.9814,2.9754,2.9699,65362.7,0,0,,,,,,,,,,0
2025-06-15 13:15:00,2.9642,2.9758,2.9701,2.9676,43271.5,0,-1,,,,,,,,,,0
2025-06-15 13:30:00,2.957,2.9707,2.9679,2.9702,115417.3,0,0,,,,,,,,,,0
2025-06-15 13:45:00,2.9693,2.9861,2.9709,2.9777,239733.5,1,1,,,,,,,,,,1
2025-06-15 14:00:00,2.9598,2.9796,2.9776,2.9602,141840.2,0,0,,,,,,,,,,0
2025-06-15 14:15:00,2.9522,2.9681,2.9604,2.9598,155268.9,0,-1,,,,,,,,,,0
2025-06-15 14:30:00,2.9553,2.9848,2.9601,2.9816,138219.4,0,0,,,,,,,,,,0
2025-06-15 14:45:00,2.9798,3.0171,2.9834,3.0105,291857.5,0,1,,,,,,,,,,0
2025-06-15 15:00:00,3.0003,3.0227,3.0114,3.0068,678043.5,0,-1,,,,,,,,,,0
2025-06-15 15:15:00,2.9958,3.0137,3.0069,3.0089,103670.2,0,0,,,,,,,,,,0
2025-06-15 15:30:00,3.0078,3.0317,3.0082,3.0196,565101.9,0,1,,,,,,,,,,0
2025-06-15 15:45:00,3.0032,3.026,3.0193,3.009,128062.6,0,0,,,,,,,,,,0
2025-06-15 16:00:00,3.0014,3.018,3.0093,3.0033,122064.2,0,-1,,,,,,,,,,0
2025-06-15 16:15:00,2.9917,3.0077,3.0034,3.0077,144317.9,0,0,,,,,,,,,,0
2025-06-15 16:30:00,2.9984,3.0143,3.0077,3.0108,117248.5,0,0,,,,,,,,,,0
2025-06-15 16:45:00,3.0036,3.0158,3.0105,3.0135,42385.2,0,1,,,,,,,,,,0
2025-06-15 17:00:00,2.9979,3.0124,3.0123,2.9979,67309.3,0,-1,,,,,,,,,,0
2025-06-15 17:15:00,2.9955,3.0086,2.9983,3.0056,45431.9,0,0,,,,,,,,,,0
2025-06-15 17:30:00,3.0017,3.0153,3.0051,3.0153,95798.9,0,0,,,,,,,,,,0
2025-06-15 17:45:00,3.0151,3.0279,3.0155,3.0175,75623.8,0,1,,,,,,,,,,0
2025-06-15 18:00:00,3.0008,3.0197,3.0171,3.0064,147579.6,0,-1,,,,,,,,,,0
2025-06-15 18:15:00,2.9953,3.0087,3.0064,3.0068,36447.6,0,0,,,,,,,,,,0
2025-06-15 18:30:00,3.0061,3.0222,3.0078,3.0171,37874.3,0,0,,,,,,,,,,0
2025-06-15 18:45:00,3.012,3.031,3.0173,3.0303,106919.2,0,0,,,,,,,,,,0
2025-06-15 19:00:00,3.0216,3.0435,3.0298,3.038,220466.0,0,1,,,,,,,,,,0
2025-06-15 19:15:00,3.0264,3.0405,3.0383,3.0328,62151.6,0,0,,,,,,,,,,0
2025-06-15 19:30:00,3.0045,3.0388,3.0335,3.0085,99539.4,0,-1,,,,,,,,,,0
2025-06-15 19:45:00,3.0069,3.0258,3.008,3.0195,49703.7,0,1,,,,,,,,,,0
2025-06-15 20:00:00,3.0036,3.0206,3.0198,3.0068,54461.8,0,0,,,,,,,,,,0
2025-06-15 20:15:00,2.9784,3.0072,3.0069,2.9806,165186.8,0,0,,,,,,,,,,0
2025-06-15 20:30:00,2.971,2.995,2.9802,2.9757,433355.4,0,-1,,,,,,,,,,0
2025-06-15 20:45:00,2.97,2.9879,2.9754,2.9859,134688.0,0,1,,,,,,,,,,0
2025-06-15 21:00:00,2.963,2.9873,2.9846,2.97,115594.8,0,-1,,,,,,,,,,0
2025-06-15 21:15:00,2.9706,2.9899,2.9706,2.9884,39072.9,0,1,,,,,,,,,,0
2025-06-15 21:30:00,2.9697,2.989,2.9877,2.9865,37244.0,0,-1,,,,,,,,,,0
2025-06-15 21:45:00,2.9864,3.002,2.9864,3.0001,262171.2,0,0,,,,,,,,,,0
2025-06-15 22:00:00,2.9937,3.0304,3.0,3.0298,156294.0,0,1,,,,,,,,,,0
2025-06-15 22:15:00,3.0228,3.04,3.0285,3.0294,140802.2,0,0,,,,,,,,,,0
2025-06-15 22:30:00,3.0137,3.0347,3.0294,3.0231,261433.8,0,-1,,,,,,,,,,0
2025-06-15 22:45:00,3.021,3.0321,3.0226,3.0246,47798.5,0,1,,,,,,,,,,0
2025-06-15 23:00:00,3.0165,3.0296,3.0249,3.0201,175418.5,0,-1,,,,,,,,,,0
2025-06-15 23:15:00,3.0187,3.03,3.0198,3.0233,82718.3,0,0,,,,,,,,,,0
2025-06-15 23:30:00,3.0187,3.0351,3.024,3.0336,50037.1,0,1,,,,,,,,,,0
2025-06-15 23:45:00,3.0194,3.0342,3.0342,3.0235,36641.9,0,0,,,,,,,,,,0
2025-06-16 00:00:00,3.0123,3.0267,3.0246,3.0153,38049.6,0,0,,,,,,,,,,0
2025-06-16 00:15:00,2.9898,3.0166,3.0156,2.9946,246040.3,0,-1,,,,,,,,,,0
2025-06-16 00:30:00,2.985,3.0072,2.9955,3.003,145928.4,0,1,,,,,,,,,,0
2025-06-16 00:45:00,2.9959,3.0083,3.0033,3.0015,65786.7,0,0,,,,,,,,,,0
2025-06-16 01:00:00,2.982,3.0026,3.0015,2.9831,290487.2,0,0,,,,,,,,,,0
2025-06-16 01:15:00,2.9792,2.9898,2.9826,2.9809,76817.1,0,-1,,,,,,,,,,0
2025-06-16 01:30:00,2.9729,3.026,2.9814,3.0245,130298.2,0,0,,,,,,,,,,0
2025-06-16 01:45:00,3.0206,3.0479,3.0246,3.0461,386409.7,0,0,,,,,,,,,,0
2025-06-16 02:00:00,3.0469,3.0882,3.0471,3.0831,536248.7,1,1,,,,,,,,,,1
2025-06-16 02:15:00,3.0589,3.0855,3.0834,3.0656,227595.2,0,-1,,,,,,,,,,0
2025-06-16 02:30:00,3.0612,3.0804,3.0654,3.073,117922.6,0,1,,,,,,,,,,0
2025-06-16 02:45:00,3.0652,3.0737,3.072,3.0714,41658.4,0,-1,,,,,,,,,,0
2025-06-16 03:00:00,3.0605,3.0749,3.0717,3.0723,42446.8,0,0,,,,,,,,,,0
2025-06-16 03:15:00,3.0628,3.0825,3.0726,3.0791,190710.2,0,1,,,,,,,,,,0
2025-06-16 03:30:00,3.0682,3.0786,3.0786,3.0753,93109.7,0,0,,,,,,,,,,0
2025-06-16 03:45:00,3.0629,3.075,3.075,3.0678,145483.3,0,-1,,,,,,,,,,0
2025-06-16 04:00:00,3.0572,3.0705,3.0686,3.0705,107127.9,0,0,,,,,,,,,,0
2025-06-16 04:15:00,3.0636,3.0948,3.0708,3.0804,208526.0,0,1,,,,,,,,,,0
2025-06-16 04:30:00,3.0725,3.0822,3.0801,3.075,109495.4,0,0,,,,,,,,,,0
2025-06-16 04:45:00,3.0625,3.0756,3.075,3.0674,187554.2,0,0,,,,,,,,,,0
2025-06-16 05:00:00,3.05,3.0687,3.0675,3.0558,136342.4,0,-1,,,,,,,,,,0
2025-06-16 05:15:00,3.0561,3.084,3.0561,3.084,134993.5,0,1,,,,,,,,,,0
2025-06-16 05:30:00,3.073,3.0987,3.0841,3.0758,210000.6,0,-1,,,,,,,,,,0
2025-06-16 05:45:00,3.0729,3.0862,3.075,3.0782,61627.2,0,0,,,,,,,,,,0
2025-06-16 06:00:00,3.0723,3.0913,3.0789,3.0913,123468.3,0,1,,,,,,,,,,0
2025-06-16 06:15:00,3.0861,3.1021,3.0913,3.0866,152146.2,0,-1,,,,,,,,,,0
2025-06-16 06:30:00,3.0834,3.1035,3.0876,3.096,61694.3,0,1,,,,,,,,,,0
2025-06-16 06:45:00,3.0872,3.0982,3.0962,3.0891,47387.3,0,-1,,,,,,,,,,0
2025-06-16 07:00:00,3.0899,3.1131,3.0902,3.1118,161865.1,0,0,,,,,,,,,,0
2025-06-16 07:15:00,3.1035,3.1314,3.1119,3.1287,248857.1,0,0,,,,,,,,,,0
2025-06-16 07:30:00,3.1266,3.1405,3.1296,3.1392,137593.2,0,0,,,,,,,,,,0
2025-06-16 07:45:00,3.1295,3.1408,3.1395,3.14,62117.6,0,1,,,,,,,,,,0
2025-06-16 08:00:00,3.1234,3.1421,3.14,3.1264,93159.6,-1,0,,,,,,,,,,-1
2025-06-16 08:15:00,3.1083,3.1288,3.1266,3.113,231613.2,0,-1,,,,,,,,,,0
2025-06-16 08:30:00,3.1097,3.1243,3.1119,3.1236,58409.5,0,1,,,,,,,,,,0
2025-06-16 08:45:00,3.1173,3.1316,3.1234,3.1205,37699.9,0,0,,,,,,,,,,0
2025-06-16 09:00:00,3.1113,3.1235,3.1188,3.1144,176187.7,0,0,,,,,,,,,,0
2025-06-16 09:15:00,3.1043,3.1146,3.1128,3.1052,141445.1,0,-1,,,,,,,,,,0
2025-06-16 09:30:00,3.0999,3.1128,3.1041,3.108,159851.3,0,1,,,,,,,,,,0
2025-06-16 09:45:00,3.0968,3.1092,3.1072,3.1022,76903.5,0,-1,,,,,,,,,,0
2025-06-16 10:00:00,3.0971,3.113,3.1023,3.1083,44261.0,0,1,,,,,,,,,,0
2025-06-16 10:15:00,3.1023,3.1152,3.1083,3.1041,31245.2,0,0,,,,,,,,,,0
2025-06-16 10:30:00,3.0912,3.1047,3.1041,3.0962,57513.1,0,0,,,,,,,,,,0
2025-06-16 10:45:00,3.0781,3.0978,3.0967,3.0869,89034.6,0,0,,,,,,,,,,0
2025-06-16 11:00:00,3.0798,3.0896,3.087,3.0837,81060.9,0,0,,,,,,,,,,0
2025-06-16 11:15:00,3.07,3.0902,3.0845,3.078,135477.2,0,-1,,,,,,,,,,0
2025-06-16 11:30:00,3.0761,3.1028,3.077,3.1028,43581.5,0,0,,,,,,,,,,0
2025-06-16 11:45:00,3.1029,3.1176,3.1029,3.1122,116922.8,0,1,,,,,,,,,,0
2025-06-16 12:00:00,3.0955,3.1154,3.1126,3.0955,68556.1,0,0,,,,,,,,,,0
2025-06-16 12:15:00,3.083,3.0993,3.0965,3.0904,95368.7,0,-1,,,,,,,,,,0
2025-06-16 12:30:00,3.0842,3.1058,3.0902,3.102,89599.4,0,1,,,,,,,,,,0
2025-06-16 12:45:00,3.0965,3.1093,3.1018,3.0995,135902.1,0,0,,,,,,,,,,0
2025-06-16 13:00:00,3.0887,3.1048,3.0995,3.0992,57449.7,0,-1,,,,,,,,,,0
2025-06-16 13:15:00,3.0908,3.1033,3.0993,3.1013,43363.4,0,0,,,,,,,,,,0
2025-06-16 13:30:00,3.0945,3.1137,3.1014,3.1111,164017.0,0,0,,,,,,,,,,0
2025-06-16 13:45:00,3.0977,3.1326,3.1107,3.128,233195.5,0,0,,,,,,,,,,0
2025-06-16 14:00:00,3.118,3.1559,3.1272,3.1368,610137.8,1,0,,,,,,,,,,1
2025-06-16 14:15:00,3.1314,3.1517,3.1367,3.1468,155772.6,0,1,,,,,,,,,,0
2025-06-16 14:30:00,3.133,3.1598,3.147,3.1338,316227.1,-1,0,,,,,,,,,,-1
2025-06-16 14:45:00,3.1144,3.1358,3.1332,3.1172,492687.2,0,-1,,,,,,,,,,0
2025-06-16 15:00:00,3.1115,3.1243,3.1174,3.118,197741.0,0,0,,,,,,,,,,0
2025-06-16 15:15:00,3.114,3.134,3.1184,3.1233,440722.6,0,1,,,,,,,,,,0
2025-06-16 15:30:00,3.1115,3.1311,3.1237,3.1215,418256.6,0,0,,,,,,,,,,0
2025-06-16 15:45:00,3.1025,3.1321,3.1224,3.1091,173070.7,0,-1,,,,,,,,,,0
2025-06-16 16:00:00,3.0993,3.1254,3.109,3.124,232285.0,0,0,,,,,,,,,,0
2025-06-16 16:15:00,3.1171,3.1382,3.1241,3.127,175877.4,0,1,,,,,,,,,,0
2025-06-16 16:30:00,3.1224,3.1383,3.1283,3.1238,86615.7,0,-1,,,,,,,,,,0
2025-06-16 16:45:00,3.1114,3.1293,3.1224,3.1247,70378.0,0,1,,,,,,,,,,0
2025-06-16 17:00:00,3.1164,3.1296,3.1244,3.1179,44685.3,0,0,,,,,,,,,,0
2025-06-16 17:15:00,3.1135,3.1329,3.1184,3.1177,179382.8,0,0,,,,,,,,,,0
2025-06-16 17:30:00,3.1152,3.1284,3.1173,3.1174,43797.5,0,0,,,,,,,,,,0
2025-06-16 17:45:00,3.1026,3.1233,3.116,3.1075,166065.0,0,-1,,,,,,,,,,0
2025-06-16 18:00:00,3.1038,3.114,3.1079,3.1095,125289.8,0,0,,,,,,,,,,0
2025-06-16 18:15:00,3.1056,3.1245,3.1092,3.1218,303635.7,0,1,,,,,,,,,,0
2025-06-16 18:30:00,3.1122,3.1236,3.122,3.1187,293535.7,0,-1,,,,,,,,,,0
2025-06-16 18:45:00,3.1103,3.1297,3.1188,3.1288,124424.0,0,0,,,,,,,,,,0
2025-06-16 19:00:00,3.1239,3.1444,3.129,3.1357,172933.1,1,0,,,,,,,,,,1
2025-06-16 19:15:00,3.132,3.1534,3.1357,3.1467,195928.6,0,1,,,,,,,,,,0
2025-06-16 19:30:00,3.129,3.1504,3.1477,3.1316,81741.7,0,0,,,,,,,,,,0
2025-06-16 19:45:00,3.1172,3.1362,3.1326,3.1257,491421.6,0,0,,,,,,,,,,0
2025-06-16 20:00:00,3.1004,3.1265,3.1263,3.1158,449638.2,0,-1,,,,,,,,,,0
2025-06-16 20:15:00,3.1142,3.1274,3.116,3.1227,50860.1,0,0,,,,,,,,,,0
2025-06-16 20:30:00,3.1218,3.135,3.1228,3.1328,33066.1,0,1,,,,,,,,,,0
2025-06-16 20:45:00,3.1207,3.1371,3.1332,3.1297,259622.0,0,0,,,,,,,,,,0
2025-06-16 21:00:00,3.1218,3.1315,3.1296,3.1248,61253.5,0,-1,,,,,,,,,,0
2025-06-16 21:15:00,3.1217,3.1347,3.1248,3.1329,26514.1,0,1,,,,,,,,,,0
2025-06-16 21:30:00,3.1076,3.1327,3.1327,3.1194,116413.9,0,-1,,,,,,,,,,0
2025-06-16 21:45:00,3.119,3.1286,3.1194,3.1239,63823.4,0,0,,,,,,,,,,0
2025-06-16 22:00:00,3.123,3.1371,3.1233,3.1281,86981.4,0,0,,,,,,,,,,0
2025-06-16 22:15:00,3.1228,3.1325,3.129,3.1305,30994.6,0,1,,,,,,,,,,0
2025-06-16 22:30:00,3.0351,3.1313,3.1305,3.0386,787858.4,-1,-1,,,,,,,,,,-1
2025-06-16 22:45:00,3.02,3.0567,3.0386,3.0522,684453.0,0,0,,,,,,,,,,0
2025-06-16 23:00:00,3.0393,3.0731,3.0519,3.072,387188.9,0,1,,,,,,,,,,0
2025-06-16 23:15:00,3.0515,3.0783,3.0723,3.0588,299659.3,0,0,,,,,,,,,,0
2025-06-16 23:30:00,3.03,3.06,3.058,3.0381,485537.8,-1,0,,,,,,,,,,-1
2025-06-16 23:45:00,2.9834,3.0411,3.0382,2.9969,1374325.1,0,0,,,,,,,,,,0
2025-06-17 00:00:00,2.9381,2.9978,2.9974,2.943,1348683.2,0,-1,,,,,,,,,,0
2025-06-17 00:15:00,2.9277,3.0046,2.943,2.9988,908770.4,0,1,,,,,,,,,,0
2025-06-17 00:30:00,2.98,3.0018,2.9986,2.9834,334456.4,0,-1,,,,,,,,,,0
2025-06-17 00:45:00,2.9835,3.0261,2.9835,3.0246,261697.1,0,1,,,,,,,,,,0
2025-06-17 01:00:00,3.0087,3.0298,3.0249,3.0152,140267.0,0,0,,,,,,,,,,0
2025-06-17 01:15:00,3.0031,3.0193,3.0156,3.0075,116963.9,0,-1,,,,,,,,,,0
2025-06-17 01:30:00,3.0054,3.0311,3.0081,3.0152,111099.2,0,1,,,,,,,,,,0
2025-06-17 01:45:00,3.0004,3.0195,3.0142,3.003,67708.0,0,-1,,,,,,,,,,0
2025-06-17 02:00:00,2.9958,3.0073,3.0036,3.0045,214816.1,0,1,,,,,,,,,,0
2025-06-17 02:15:00,2.988,3.0081,3.0042,2.9942,98314.6,0,-1,,,,,,,,,,0
2025-06-17 02:30:00,2.9882,3.0099,2.9951,3.0064,132316.6,0,0,,,,,,,,,,0
2025-06-17 02:45:00,2.9935,3.0409,3.0061,3.0361,203161.7,0,0,,,,,,,,,,0
2025-06-17 03:00:00,3.0304,3.0593,3.0378,3.0501,220907.5,0,1,,,,,,,,,,0
2025-06-17 03:15:00,3.0316,3.0539,3.0498,3.0324,67452.4,0,-1,,,,,,,,,,0
2025-06-17 03:30:00,3.0333,3.0441,3.0333,3.0388,319985.3,0,0,,,,,,,,,,0
2025-06-17 03:45:00,3.0351,3.0444,3.0393,3.042,22365.7,0,1,,,,,,,,,,0
2025-06-17 04:00:00,3.0346,3.0469,3.0418,3.0399,74099.3,0,0,,,,,,,,,,0
2025-06-17 04:15:00,3.0217,3.0405,3.0393,3.0308,167001.2,0,0,,,,,,,,,,0
2025-06-17 04:30:00,3.0168,3.0303,3.0293,3.021,104426.2,0,-1,,,,,,,,,,0
2025-06-17 04:45:00,3.0216,3.0342,3.0216,3.0285,18513.4,0,1,,,,,,,,,,0
2025-06-17 05:00:00,3.0232,3.0318,3.0283,3.0278,38456.8,0,0,,,,,,,,,,0
2025-06-17 05:15:00,3.0066,3.0295,3.0282,3.023,62626.7,0,0,,,,,,,,,,0
2025-06-17 05:30:00,3.0162,3.0279,3.022,3.0162,49513.7,0,0,,,,,,,,,,0
2025-06-17 05:45:00,3.0013,3.0166,3.0166,3.0096,75626.8,0,-1,,,,,,,,,,0
2025-06-17 06:00:00,3.0012,3.0183,3.0093,3.0115,51453.7,0,1,,,,,,,,,,0
2025-06-17 06:15:00,2.9988,3.0174,3.012,3.0006,87969.4,0,0,,,,,,,,,,0
2025-06-17 06:30:00,2.988,3.0024,3.0008,2.991,54901.8,0,-1,,,,,,,,,,0
2025-06-17 06:45:00,2.9811,2.994,2.9913,2.994,95855.3,0,1,,,,,,,,,,0
2025-06-17 07:00:00,2.9919,3.003,2.9928,2.9936,26705.6,0,0,,,,,,,,,,0
2025-06-17 07:15:00,2.9838,3.0,2.9928,2.9856,37355.7,0,-1,,,,,,,,,,0
2025-06-17 07:30:00,2.9852,2.9962,2.9867,2.9899,37054.8,0,0,,,,,,,,,,0
2025-06-17 07:45:00,2.9858,2.9984,2.9899,2.9949,133104.4,0,1,,,,,,,,,,0
2025-06-17 08:00:00,2.9797,2.9962,2.9957,2.9906,166376.6,0,0,,,,,,,,,,0
2025-06-17 08:15:00,2.9732,2.9898,2.9898,2.9821,120409.0,0,0,,,,,,,,,,0
2025-06-17 08:30:00,2.9594,2.9829,2.9826,2.9647,149723.8,-1,0,,,,,,,,,,-1
2025-06-17 08:45:00,2.9577,2.9706,2.964,2.9614,105177.7,0,0,,,,,,,,,,0
2025-06-17 09:00:00,2.9502,2.964,2.9616,2.9578,404371.8,0,-1,,,,,,,,,,0
2025-06-17 09:15:00,2.958,2.969,2.958,2.9582,84123.5,0,1,,,,,,,,,,0
2025-06-17 09:30:00,2.9416,2.9657,2.9586,2.9441,953650.5,0,-1,,,,,,,,,,0
2025-06-17 09:45:00,2.9397,2.952,2.9439,2.9473,181757.3,0,1,,,,,,,,,,0
2025-06-17 10:00:00,2.937,2.951,2.9468,2.9398,110904.6,0,-1,,,,,,,,,,0
2025-06-17 10:15:00,2.9351,2.9517,2.9396,2.9451,113687.8,0,1,,,,,,,,,,0
2025-06-17 10:30:00,2.9142,2.946,2.945,2.9242,210026.1,0,-1,,,,,,,,,,0
2025-06-17 10:45:00,2.9218,2.9457,2.9246,2.9434,200305.3,0,1,,,,,,,,,,0
2025-06-17 11:00:00,2.91,2.9446,2.9438,2.917,1064980.4,0,0,,,,,,,,,,0
2025-06-17 11:15:00,2.893,2.9182,2.9171,2.9032,1639758.0,0,0,,,,,,,,,,0
2025-06-17 11:30:00,2.8923,2.9115,2.9028,2.8923,1194080.2,0,-1,,,,,,,,,,0
2025-06-17 11:45:00,2.8878,2.9145,2.8922,2.9142,479242.1,0,0,,,,,,,,,,0
2025-06-17 12:00:00,2.9091,2.9304,2.9132,2.9278,259981.1,0,1,,,,,,,,,,0
2025-06-17 12:15:00,2.894,2.9275,2.9275,2.901,768808.0,0,-1,,,,,,,,,,0
2025-06-17 12:30:00,2.895,2.9169,2.9009,2.9131,538642.6,0,1,,,,,,,,,,0
2025-06-17 12:45:00,2.8964,2.9133,2.9131,2.9042,214107.3,0,0,,,,,,,,,,0
2025-06-17 13:00:00,2.8975,2.9112,2.9037,2.9027,93747.2,0,-1,,,,,,,,,,0
2025-06-17 13:15:00,2.8994,2.9188,2.9026,2.9169,128360.1,0,1,,,,,,,,,,0
2025-06-17 13:30:00,2.897,2.9258,2.9172,2.8981,189115.0,0,-1,,,,,,,,,,0
2025-06-17 13:45:00,2.8956,2.9125,2.8984,2.9092,224275.2,0,0,,,,,,,,,,0
2025-06-17 14:00:00,2.8972,2.9344,2.9094,2.9306,129593.9,0,1,,,,,,,,,,0
2025-06-17 14:15:00,2.9066,2.9317,2.9306,2.9172,102642.8,0,0,,,,,,,,,,0
2025-06-17 14:30:00,2.8997,2.9218,2.917,2.9091,69846.1,0,0,,,,,,,,,,0
2025-06-17 14:45:00,2.8801,2.9178,2.9096,2.8831,256370.1,0,0,,,,,,,,,,0
2025-06-17 15:00:00,2.854,2.8836,2.8831,2.871,501826.3,0,0,,,,,,,,,,0
2025-06-17 15:15:00,2.832,2.8704,2.8704,2.8371,686423.0,-1,-1,,,,,,,,,,-1
2025-06-17 15:30:00,2.8268,2.8719,2.8366,2.867,1055181.4,1,1,,,,,,,,,,1
2025-06-17 15:45:00,2.8516,2.8664,2.8664,2.8611,230993.7,0,0,,,,,,,,,,0
2025-06-17 16:00:00,2.8496,2.864,2.861,2.8583,192577.8,0,0,,,,,,,,,,0
2025-06-17 16:15:00,2.8407,2.8643,2.858,2.8439,701849.6,-1,0,,,,,,,,,,-1
2025-06-17 16:30:00,2.809,2.8544,2.8442,2.8391,1743343.2,0,0,,,,,,,,,,0
2025-06-17 16:45:00,2.8075,2.8407,2.8388,2.8083,585883.4,0,0,,,,,,,,,,0
2025-06-17 17:00:00,2.8022,2.8269,2.8087,2.8081,547805.7,0,-1,,,,,,,,,,0
2025-06-17 17:15:00,2.8059,2.84,2.8082,2.838,310823.5,0,1,,,,,,,,,,0
2025-06-17 17:30:00,2.8284,2.8539,2.8378,2.8308,306045.8,0,0,,,,,,,,,,0
2025-06-17 17:45:00,2.8193,2.8314,2.83,2.8195,257910.9,0,-1,,,,,,,,,,0
2025-06-17 18:00:00,2.8158,2.8318,2.8195,2.8256,180207.4,0,1,,,,,,,,,,0
2025-06-17 18:15:00,2.8053,2.8256,2.8246,2.808,322481.5,0,-1,,,,,,,,,,0
2025-06-17 18:30:00,2.8068,2.8215,2.8079,2.821,438104.2,0,0,,,,,,,,,,0
2025-06-17 18:45:00,2.821,2.8632,2.821,2.8612,242828.8,0,0,,,,,,,,,,0
2025-06-17 19:00:00,2.8582,2.8796,2.8605,2.8756,315871.0,0,0,,,,,,,,,,0
2025-06-17 19:15:00,2.8756,2.9021,2.8762,2.8914,297471.1,0,1,,,,,,,,,,0
2025-06-17 19:30:00,2.8801,2.8978,2.891,2.8832,185368.3,0,0,,,,,,,,,,0
2025-06-17 19:45:00,2.8743,2.9029,2.8826,2.8759,187338.9,0,0,,,,,,,,,,0
2025-06-17 20:00:00,2.8702,2.887,2.8746,2.8741,252039.9,0,0,,,,,,,,,,0
2025-06-17 20:15:00,2.8509,2.8788,2.8738,2.8713,242446.3,0,0,,,,,,,,,,0
2025-06-17 20:30:00,2.8588,2.8749,2.8713,2.8671,176031.7,0,0,,,,,,,,,,0
2025-06-17 20:45:00,2.8473,2.8664,2.8662,2.85,348930.5,-1,0,,,,,,,,,,-1
2025-06-17 21:00:00,2.8363,2.8573,2.8494,2.8458,337377.0,0,-1,,,,,,,,,,0
2025-06-17 21:15:00,2.8341,2.8536,2.8458,2.8523,97594.5,0,0,,,,,,,,,,0
2025-06-17 21:30:00,2.8524,2.8676,2.8524,2.8635,158918.8,1,1,,,,,,,,,,1
2025-06-17 21:45:00,2.8346,2.8666,2.8654,2.8419,139166.4,0,-1,,,,,,,,,,0
2025-06-17 22:00:00,2.8288,2.8499,2.8422,2.8474,515761.5,0,0,,,,,,,,,,0
2025-06-17 22:15:00,2.8419,2.8552,2.8478,2.8483,134569.6,0,1,,,,,,,,,,0
2025-06-17 22:30:00,2.8349,2.8496,2.8482,2.8394,105505.0,0,0,,,,,,,,,,0
2025-06-17 22:45:00,2.8206,2.8468,2.8396,2.8232,82018.0,0,-1,,,,,,,,,,0
2025-06-17 23:00:00,2.8218,2.8388,2.8236,2.8354,87503.5,0,0,,,,,,,,,,0
2025-06-17 23:15:00,2.8358,2.8494,2.8358,2.847,89086.7,0,0,,,,,,,,,,0
2025-06-17 23:30:00,2.8455,2.857,2.847,2.8542,127081.9,0,1,,,,,,,,,,0
2025-06-17 23:45:00,2.8326,2.8553,2.8542,2.8366,44247.7,0,-1,,,,,,,,,,0
2025-06-18 00:00:00,2.8358,2.8545,2.8372,2.8436,81360.6,0,1,,,,,,,,,,0
2025-06-18 00:15:00,2.8268,2.846,2.8439,2.8268,91078.5,0,-1,,,,,,,,,,0
2025-06-18 00:30:00,2.8188,2.853,2.8274,2.8455,95803.6,0,1,,,,,,,,,,0
2025-06-18 00:45:00,2.8286,2.8455,2.8454,2.844,78642.8,0,-1,,,,,,,,,,0
2025-06-18 01:00:00,2.8415,2.8599,2.8442,2.8552,122569.8,0,1,,,,,,,,,,0
2025-06-18 01:15:00,2.8512,2.8767,2.8553,2.8518,158128.3,0,-1,,,,,,,,,,0
2025-06-18 01:30:00,2.847,2.8608,2.8524,2.8524,76822.8,0,1,,,,,,,,,,0
2025-06-18 01:45:00,2.8434,2.8552,2.8522,2.8486,93791.0,0,-1,,,,,,,,,,0
2025-06-18 02:00:00,2.8453,2.8592,2.8488,2.8498,54829.1,0,0,,,,,,,,,,0
2025-06-18 02:15:00,2.8392,2.867,2.8496,2.8637,54811.0,0,1,,,,,,,,,,0
2025-06-18 02:30:00,2.8512,2.8653,2.8632,2.8512,171771.6,-1,-1,,,,,,,,,,-1
2025-06-18 02:45:00,2.8516,2.8632,2.8516,2.8522,28105.7,0,0,,,,,,,,,,0
2025-06-18 03:00:00,2.846,2.8594,2.8519,2.8592,38363.0,1,0,,,,,,,,,,1
2025-06-18 03:15:00,2.8562,2.8682,2.8584,2.8662,62241.2,0,0,,,,,,,,,,0
2025-06-18 03:30:00,2.8662,2.8886,2.8662,2.8861,166249.6,0,1,,,,,,,,,,0
2025-06-18 03:45:00,2.8761,2.887,2.886,2.8818,94074.5,0,-1,2.8818,,,,,,,,,0
2025-06-18 04:00:00,2.8788,2.8926,2.882,2.8926,26953.8,0,1,,2.8926,,,,,,,,0
2025-06-18 04:15:00,2.8841,2.898,2.8926,2.8864,107531.0,0,-1,,,2.8864,,,,,,,0
2025-06-18 04:30:00,2.8842,2.9085,2.8866,2.9041,39662.4,0,0,,,,,,,,,,0
2025-06-18 04:45:00,2.9014,2.9164,2.904,2.909,208938.0,0,1,,,,2.909,,,,,,0
2025-06-18 05:00:00,2.9036,2.919,2.9092,2.9054,93009.6,0,-1,,,,,2.9054,,,,,0
2025-06-18 05:15:00,2.9042,2.9164,2.9053,2.9132,43684.0,0,1,,,,,,2.9132,,,,0
2025-06-18 05:30:00,2.8988,2.9177,2.913,2.8988,312807.8,0,-1,,,,,,,2.8988,,,0
2025-06-18 05:45:00,2.8928,2.9019,2.8992,2.9,76858.4,0,1,,,,,,,,2.9,,0
2025-06-18 06:00:00,2.8892,2.9039,2.9002,2.8913,123486.2,0,0,,,,,,,,,,0
2025-06-18 06:15:00,2.8774,2.8912,2.891,2.8818,143749.1,0,0,,,,,,,,,,0
2025-06-18 06:30:00,2.8629,2.8815,2.8815,2.8644,93950.5,0,-1,,,,,,,,,2.8644,0
2025-06-18 06:45:00,2.8539,2.8686,2.8646,2.8658,55863.1,0,1,,,,,,,,,,0
2025-06-18 07:00:00,2.8511,2.8712,2.8656,2.8564,43735.1,0,-1,,,,,,,,,,0
2025-06-18 07:15:00,2.8512,2.8642,2.856,2.8634,150068.6,0,0,,,,,,,,,,0
2025-06-18 07:30:00,2.8546,2.8715,2.8632,2.8656,63420.4,0,0,,,,,,,,,,0
2025-06-18 07:45:00,2.8596,2.8694,2.8659,2.8671,51931.9,0,1,,,,,,,,,,0
2025-06-18 08:00:00,2.8399,2.8773,2.8671,2.844,887931.3,-1,0,,,,,,,,,,-1
2025-06-18 08:15:00,2.8122,2.8454,2.8436,2.8177,451218.9,0,0,,,,,,,,,,0
2025-06-18 08:30:00,2.7569,2.8194,2.8175,2.7729,1473634.3,0,-1,,,,,,,,,,0
2025-06-18 08:45:00,2.7621,2.7858,2.773,2.7756,486940.2,0,0,,,,,,,,,,0
2025-06-18 09:00:00,2.7754,2.7881,2.7777,2.7863,531977.8,0,1,,,,,,,,,,0
2025-06-18 09:15:00,2.7758,2.7974,2.7861,2.7792,250417.6,0,0,,,,,,,,,,0
2025-06-18 09:30:00,2.7494,2.7795,2.7792,2.753,469077.6,0,0,,,,,,,,,,0
2025-06-18 09:45:00,2.7363,2.7536,2.7536,2.7507,574733.7,0,0,,,,,,,,,,0
2025-06-18 10:00:00,2.7444,2.7568,2.7509,2.7507,168458.4,0,0,,,,,,,,,,0
2025-06-18 10:15:00,2.7188,2.7546,2.7505,2.7302,765333.2,0,0,,,,,,,,,,0
2025-06-18 10:30:00,2.7141,2.7383,2.7307,2.7185,364623.2,0,0,,,,,,,,,,0
2025-06-18 10:45:00,2.7069,2.7276,2.7188,2.7169,421362.5,0,-1,,,,,,,,,,0
2025-06-18 11:00:00,2.7139,2.7443,2.716,2.7418,458951.3,0,0,,,,,,,,,,0
2025-06-18 11:15:00,2.7344,2.7518,2.7408,2.7497,227584.6,0,0,,,,,,,,,,0
2025-06-18 11:30:00,2.7464,2.7662,2.7506,2.7632,168293.7,0,0,,,,,,,,,,0
2025-06-18 11:45:00,2.7602,2.7764,2.7634,2.7714,232811.4,0,1,,,,,,,,,,0
2025-06-18 12:00:00,2.7604,2.7729,2.7698,2.768,92288.2,0,0,,,,,,,,,,0
2025-06-18 12:15:00,2.7523,2.77,2.7673,2.7602,126789.4,0,0,,,,,,,,,,0
2025-06-18 12:30:00,2.7464,2.7651,2.7602,2.7464,174841.6,0,0,,,,,,,,,,0
2025-06-18 12:45:00,2.7396,2.7526,2.7476,2.7432,248889.3,0,0,,,,,,,,,,0
2025-06-18 13:00:00,2.7329,2.7501,2.7432,2.7368,317426.9,0,0,,,,,,,,,,0
2025-06-18 13:15:00,2.7197,2.7385,2.7364,2.7206,279817.2,0,-1,,,,,,,,,,0
2025-06-18 13:30:00,2.718,2.7635,2.7209,2.7482,426608.4,0,0,,,,,,,,,,0
2025-06-18 13:45:00,2.7353,2.7674,2.7484,2.7662,184375.8,0,0,,,,,,,,,,0
2025-06-18 14:00:00,2.7548,2.8001,2.7664,2.796,543860.4,0,0,,,,,,,,,,0
2025-06-18 14:15:00,2.7857,2.8094,2.7967,2.8,463851.0,0,0,,,,,,,,,,0
2025-06-18 14:30:00,2.7895,2.8151,2.8003,2.8054,346475.7,0,1,,,,,,,,,,0
2025-06-18 14:45:00,2.7703,2.8061,2.8046,2.7777,421130.6,0,-1,,,,,,,,,,0
2025-06-18 15:00:00,2.7729,2.7993,2.777,2.7784,130392.1,0,0,,,,,,,,,,0
2025-06-18 15:15:00,2.7668,2.796,2.7784,2.7874,178084.4,0,0,,,,,,,,,,0
2025-06-18 15:30:00,2.7772,2.7979,2.7872,2.7874,124958.6,0,0,,,,,,,,,,0
2025-06-18 15:45:00,2.775,2.7944,2.7876,2.7769,115055.0,0,0,,,,,,,,,,0
2025-06-18 16:00:00,2.7663,2.7858,2.7773,2.7741,96903.4,0,0,,,,,,,,,,0
2025-06-18 16:15:00,2.762,2.7746,2.774,2.7674,119068.8,0,-1,,,,,,,,,,0
2025-06-18 16:30:00,2.7632,2.785,2.7672,2.7816,182869.6,0,1,,,,,,,,,,0
2025-06-18 16:45:00,2.7697,2.7855,2.7832,2.7802,45115.8,0,0,,,,,,,,,,0
2025-06-18 17:00:00,2.7646,2.7819,2.7796,2.7764,89980.3,0,-1,,,,,,,,,,0
2025-06-18 17:15:00,2.774,2.792,2.7766,2.7787,134058.1,0,0,,,,,,,,,,0
2025-06-18 17:30:00,2.768,2.8105,2.7788,2.8063,132969.7,0,1,,,,,,,,,,0
2025-06-18 17:45:00,2.7912,2.81,2.8056,2.804,136390.4,0,0,,,,,,,,,,0
2025-06-18 18:00:00,2.7801,2.8262,2.8041,2.7936,686526.2,0,0,,,,,,,,,,0
2025-06-18 18:15:00,2.782,2.8038,2.7934,2.7883,135266.1,0,-1,,,,,,,,,,0
2025-06-18 18:30:00,2.7877,2.8115,2.788,2.7953,311294.2,0,1,,,,,,,,,,0
2025-06-18 18:45:00,2.765,2.8004,2.795,2.768,232538.0,0,-1,,,,,,,,,,0
2025-06-18 19:00:00,2.7619,2.8058,2.7678,2.7984,567536.1,0,1,,,,,,,,,,0
2025-06-18 19:15:00,2.7696,2.8076,2.798,2.7723,236780.6,0,-1,,,,,,,,,,0
2025-06-18 19:30:00,2.772,2.7889,2.772,2.786,117443.1,0,1,,,,,,,,,,0
2025-06-18 19:45:00,2.7672,2.7876,2.7858,2.7701,165718.0,0,-1,,,,,,,,,,0
2025-06-18 20:00:00,2.7617,2.7792,2.7704,2.7709,175204.5,0,0,,,,,,,,,,0
2025-06-18 20:15:00,2.7703,2.7834,2.771,2.783,125021.0,0,0,,,,,,,,,,0
2025-06-18 20:30:00,2.778,2.8052,2.783,2.805,176081.9,0,0,,,,,,,,,,0
2025-06-18 20:45:00,2.804,2.8429,2.8044,2.828,539778.0,0,1,,,,,,,,,,0
2025-06-18 21:00:00,2.8034,2.8362,2.8288,2.8106,447758.7,0,-1,,,,,,,,,,0
2025-06-18 21:15:00,2.81,2.83,2.8101,2.8241,172024.8,0,0,,,,,,,,,,0
2025-06-18 21:30:00,2.8187,2.8325,2.824,2.8248,166926.7,0,0,,,,,,,,,,0
2025-06-18 21:45:00,2.8225,2.846,2.8248,2.8368,151226.5,0,1,,,,,,,,,,0
2025-06-18 22:00:00,2.8296,2.846,2.8364,2.8334,225446.6,0,-1,,,,,,,,,,0
2025-06-18 22:15:00,2.8296,2.8473,2.8334,2.8448,171965.9,0,1,,,,,,,,,,0
2025-06-18 22:30:00,2.8337,2.8473,2.8448,2.8354,162313.4,0,0,,,,,,,,,,0
2025-06-18 22:45:00,2.825,2.8428,2.8356,2.8293,160554.3,0,0,,,,,,,,,,0
2025-06-18 23:00:00,2.8245,2.8396,2.8292,2.8286,138315.7,0,0,,,,,,,,,,0
2025-06-18 23:15:00,2.8219,2.8336,2.8289,2.8222,70633.9,0,0,,,,,,,,,,0
2025-06-18 23:30:00,2.8147,2.8279,2.8218,2.8194,134752.7,0,-1,,,,,,,,,,0
2025-06-18 23:45:00,2.82,2.831,2.82,2.8288,76100.8,0,0,,,,,,,,,,0
2025-06-19 00:00:00,2.8289,2.8351,2.8293,2.8332,10088.0,0,0,,,,,,,,,,0
